{
  "name": "Nizam Al-Shuba - Security System",
  "short_name": "AlHares",
  "start_url": ".",
  "display": "standalone",
  "background_color": "#1e293b",
  "theme_color": "#0f172a",
  "description": "Comprehensive security and prison management system.",
  "icons": [
    {
      "src": "icon.png",
      "sizes": "192x192",
      "type": "image/png"
    }
  ],
  "requestFramePermissions": [
    "camera",
    "microphone",
    "geolocation"
  ],
  "android_permissions": [
    "android.permission.CAMERA",
    "android.permission.READ_EXTERNAL_STORAGE",
    "android.permission.WRITE_EXTERNAL_STORAGE",
    "android.permission.INTERNET",
    "android.permission.ACCESS_FINE_LOCATION"
  ]
}